{
    "frame_first":45,
    "frame_last":280,
    "markerLength": 0.111,
    "distCoeffs": [
        2.0888574,
        -82.303825,
        -0.00071347022,
        0.0020022474,
        315.66144,
        1.8588818,
        -80.083954,
        308.98071,
        0.0,
        0.0,
        0.0,
        0.0,
        0.0,
        0.0
    ],
    "fps": 30.0,
    "intrinsics": [
        [
            1025.26513671875,
            0.0,
            642.6650390625
        ],
        [
            0.0,
            1025.26513671875,
            359.37811279296875
        ],
        [
            0.0,
            0.0,
            1.0
        ]
    ],
    "resolution": 720,
    "tagFamily": "DICT_APRILTAG_36h11"
}